item_id,item_name,item_type,beta
510010,交银治理ETF,3,0.975113488299
510050,华夏50ETF,3,0.94301107784
510060,工银央企ETF,3,0.906692052659
510180,华安180ETF,3,0.972835027468
510880,华泰红利ETF,3,0.89664276885
