item_id,item_name,item_type,beta
510010,交银治理ETF,3,0.96899472207
510020,博时超大ETF,3,0.888868990708
510050,华夏50ETF,3,0.927700922197
510060,工银央企ETF,3,0.886886959474
510180,华安180ETF,3,0.968102416611
510880,华泰红利ETF,3,0.88359029359
